<?xml version="1.0"?>
<odoo>

    <data noupdate="1">
        <record id="pos_config_user" model="ir.rule">
            <field name="name">Users can See Only Allowed POS Configs</field>
            <field name="model_id" ref="model_pos_config"/>
            <field name="domain_force">[('allowed_users', 'in', user.id)]</field>
            <field name="groups" eval="[
                Command.link(ref('base.group_user')),            ]"/>
        </record>
        <record id="pos_config_administrator" model="ir.rule">
            <field name="name">Administrators can see all POS Configs</field>
            <field name="model_id" ref="model_pos_config"/>
            <field name="domain_force">[(1, '=', 1)]</field>
            <field name="groups" eval="[Command.link(ref('base.group_system'))]"/>
        </record>
    </data>
</odoo>
