<?xml version="1.0" encoding="utf-8"?>
<odoo>
    <data noupdate="1">

        <record id="module_category_simple_manufacturing" model="ir.module.category">
            <field name="name">Manufacturing</field>
            <field name="sequence" eval="5"/>
        </record>

        <record id="group_simple_mrp_user" model="res.groups">
            <field name="name">User</field>
            <field name="implied_ids" eval="[(4, ref('stock.group_stock_user'))]"/>
            <field name="category_id" ref="module_category_simple_manufacturing"/>
        </record>

        <record id="group_simple_mrp_manager" model="res.groups">
            <field name="name">Administrator</field>
            <field name="implied_ids" eval="[(4, ref('group_simple_mrp_user'))]"/>
            <field name="category_id" ref="module_category_simple_manufacturing"/>
            <field name="users" eval="[(4, ref('base.user_root')), (4, ref('base.user_admin'))]"/>
        </record>


    </data>
</odoo>