<?xml version="1.0" encoding="UTF-8"?>
<templates id="template" xml:space="preserve">

    <t t-name="LocationSummaryReceipt" owl="1">
        <div class="pos-receipt">
            <t t-if="company.logo">
                <img class="pos-receipt-logo" t-att-src="company.logo" alt="Logo"/>
                <br/>
            </t>
            <t t-if="!company.logo">
                <h2 class="pos-receipt-center-align">
                    <t t-esc="company.name" />
                </h2>
                <br/>
            </t>
            <div class="pos-receipt-contact">
                <t t-if="company.contact_address">
                    <div><t t-esc="company.contact_address" /></div>
                </t>
                <t t-if="company.phone">
                    <div>Tel:<t t-esc="company.phone" /></div>
                </t>
                <t t-if="company.vat">
                    <div><t t-esc="company.vat_label"/>:<t t-esc="company.vat" /></div>
                </t>
                <t t-if="company.email">
                    <div><t t-esc="company.email" /></div>
                </t>
                <t t-if="company.website">
                    <div><t t-esc="company.website" /></div>
                </t>

                <t t-if="cashier">
                    <div class="cashier">
                        <div>--------------------------------</div>
                        <div>Served by <t t-esc="cashier.name" /></div>
                    </div>
                </t>
            </div>
            <br />

            <h4 class="pos-receipt-center-align">
                Location Summary
            </h4>

            <table style="width: 100%; margin-top:10px; font-size:14px !important;">
                <thead style="border-bottom: 2px solid black;">
					<tr>
						<th>Product</th>
						<th style="text-align: right;">Quantity</th>
					</tr>
				</thead>
				<tbody style="margin-top:5px;">
                    <t t-set="total" t-value="0"/>
					<tr t-foreach="locations" t-as="loc">
						<td>
							<t t-esc="loc.product"/>
						</td>
                        <td style="text-align:right;">
							<t t-esc="loc.quantity"/>
						</td>
                        <t t-set="total" t-value="total + loc.quantity"/>
					</tr>
					<br />
					<tr style="border-top: 2px solid black;">
						<td>Total:</td>
						<td style="text-align: right;">
							<t t-esc="total"/>
						</td>
					</tr>
				</tbody>
			</table>
        </div>
    </t>

</templates>
