<?xml version="1.0" encoding="UTF-8"?>
<templates id="template" xml:space="preserve">

    <t t-name="ProductSummaryReceipt" owl="1">
        <div class="pos-receipt">
            <t t-if="company.logo">
                <img class="pos-receipt-logo" t-att-src="company.logo" alt="Logo"/>
                <br/>
            </t>
            <t t-if="!company.logo">
                <h2 class="pos-receipt-center-align">
                    <t t-esc="company.name" />
                </h2>
                <br/>
            </t>
            <div class="pos-receipt-contact">
                <t t-if="company.contact_address">
                    <div><t t-esc="company.contact_address" /></div>
                </t>
                <t t-if="company.phone">
                    <div>Tel:<t t-esc="company.phone" /></div>
                </t>
                <t t-if="company.vat">
                    <div><t t-esc="company.vat_label"/>:<t t-esc="company.vat" /></div>
                </t>
                <t t-if="company.email">
                    <div><t t-esc="company.email" /></div>
                </t>
                <t t-if="company.website">
                    <div><t t-esc="company.website" /></div>
                </t>

                <t t-if="cashier">
                    <div class="cashier">
                        <div>--------------------------------</div>
                        <div>Served by <t t-esc="cashier.name" /></div>
                    </div>
                </t>
            </div>
            <br />

            <h4 class="pos-receipt-center-align">
                Product Summary
            </h4>

            <table style="font-size:14px !important;margin-left: auto; margin-right: auto;" t-if="props.start_date and props.end_date">
                <tr>
                    <td><strong>Start Date:</strong></td>
                    <td><t t-esc="props.start_date"/></td>

                </tr>
                <tr>
                    <td><strong>End Date:</strong></td>
                    <td><t t-esc="props.end_date"/></td>
                </tr>
            </table>

            <table style="margin-top:10px; font-size:14px !important; margin-left: auto; margin-right: auto;" class="receipt-orderlines">
                <colgroup>
                   <col style="width: 75%;"/>
                   <col style="width: 25%;"/>
                </colgroup>
                <thead style="border-bottom: 1px solid black;">
					<tr>
						<th>Product</th>
						<th style="text-align: right;">Quantity</th>
					</tr>
				</thead>
				<tbody>
                    <t t-set="total_qty" t-value="0"/>
					<tr t-foreach="products" t-as="product">
						<td>
                            <t t-if="product.code">[<t t-esc="product.code"/>] </t><t t-esc="product.name"/>
						</td>
						<td style="text-align: right;">
							<t t-esc="product.qty"/>
						</td>
                        <t t-set="total_qty" t-value="total_qty + product.qty"/>
					</tr>
					<br />
					<tr style="border-top: 2px solid black;">
						<td>Total:</td>
						<td style="text-align: right;">
							<t t-esc="total_qty"/>
						</td>
					</tr>
				</tbody>
			</table>

        </div>

    </t>

</templates>
