<?xml version="1.0" encoding="UTF-8"?>
<templates id="template" xml:space="preserve">

    <t t-name="SessionSummaryPopup" owl="1">
        <div role="dialog" class="modal-dialog">
            <div class="popup popup-text">
                <header class="title">
                    <t t-esc="props.title" />
                </header>
                <main class="body">
                    <div class="order-summary">
                        <div style="padding-top:10px;">
                            <div style="margin-top: 40px;">
                                <p class="label">Session</p>
                                <select class="popup-input" t-model="state.selected_value" style="width: 40%;">
                                    <option t-foreach="props.sessions" t-as="value" t-att-value="value.id">
                                        <t t-esc="value.name"/>
                                    </option>
                                </select>
                            </div>
                        </div>
                    </div>
                </main>

                <footer class="footer">
                    <div class="button confirm" t-on-click="confirm">
                        Print
                    </div>
                    <div class="button cancel" t-on-click="cancel">
                        Cancel
                    </div>
                </footer>
            </div>
        </div>
    </t>

</templates>
