<?xml version="1.0" encoding="UTF-8" ?>
<templates id="template" xml:space="preserve">

    <t t-name="CategoryBreadcrumb" owl="1">
        <span class="breadcrumb">
            <img src="/point_of_sale/static/src/img/bc-arrow-big.png" class="breadcrumb-arrow"
                 alt="Slash" />
            <span class="breadcrumb-button"
                  t-on-click="trigger('switch-category', props.category.id)">
                <t t-esc="props.category.name"></t>
            </span>
        </span>
    </t>

</templates>
