id,name,model_id/id,group_id/id,perm_read,perm_write,perm_create,perm_unlink
invoice_approval_access_right_user_id,invoice_approval_access_right_user,model_invoice_approval,invoice_multi_approval.group_approver,1,1,1,1
invoice_approval_access_right_manager_id,invoice_approval_access_right_manager,model_invoice_approval,invoice_multi_approval.group_approve_manager,1,1,1,1
approval_line_access_right_user_id,approval_line_access_right_user,model_approval_line,invoice_multi_approval.group_approver,1,1,1,1
approval_line_access_right_manager_id,approval_line_access_right_manager,model_approval_line,invoice_multi_approval.group_approve_manager,1,1,1,1
approval_line_access_right_group_user_id,approval_line_access_right_group_user,model_approval_line,base.group_user,1,0,0,0
invoice_approval_access_right_group_user_id,invoice_approval_access_right_group_user,model_invoice_approval,base.group_user,1,0,0,0
