id,name,model_id:id,group_id:id,perm_read,perm_write,perm_create,perm_unlink
access_pos_sale_details_wizard,access.pos.sale.details.wizard,model_pos_sale_details_wizard,point_of_sale.group_pos_manager,1,1,1,0
access_pos_sale_top_selling_wizard,access.pos.sale.top.selling.wizard,model_pos_sale_top_selling,point_of_sale.group_pos_manager,1,1,1,0
access_pos_sale_ongoing,access.pos.sale.ongoing.wizard,model_pos_sale_ongoing_wizard,point_of_sale.group_pos_manager,1,1,1,0
access_pos_sale_posted,access.pos.sale.posted.wizard,model_pos_sale_posted_wizard,point_of_sale.group_pos_manager,1,1,1,0
