<?xml version="1.0" encoding="UTF-8"?>
<templates id="template" xml:space="preserve">
  <t t-inherit="point_of_sale.ClientLine" t-inherit-mode="extension" owl="1">
        <xpath expr="//t[@t-name='ClientLine']" position="replace">

    <t t-name="ClientLine" owl="1">
        <tr t-attf-class="client-line {{highlight}}" t-att-data-id="props.partner.id"
            t-on-click="trigger('click-client', {client: props.partner})">
            <td style="width: 40px; inline-size: 40px; overflow-wrap: break-word;">
                <t t-esc="props.partner.name or ''"/>
                <span t-if="highlight">
                    <br/>

<!--                    ///////////////-->
<!--                    Remove Edit Button -->
<!--                    <button class="edit-client-button" t-on-click.stop="trigger('click-edit')">EDIT</button>-->
                </span>
            </td>
            <td class="client-line-last-column-placeholder oe_invisible"></td>
        </tr>
    </t>
        </xpath>
  </t>

</templates>
