<?xml version="1.0" encoding="UTF-8"?>
<templates id="template" xml:space="preserve">




    <t t-name="ClientListScreen" t-inherit="point_of_sale.ClientListScreen" t-inherit-mode="extension" owl="1">
        <xpath expr="//th" position="before">
            <th class="customer-due pos-right-align">Amount Due <i class="fa fa-refresh cursor-pointer"
                                                                   t-on-click="refreshTotalDue"></i></th>
            <th class="client-line-open-link"></th>
        </xpath>
    </t>

          <t t-name="ClientLine" t-inherit="point_of_sale.ClientLine" t-inherit-mode="extension" owl="1">
        <xpath expr="//td" position="before">
            <td class="customer-due pos-right-align cursor-pointer" t-on-click="settleCustomerDue">
                <t t-esc="env.pos.format_currency(props.partner.total_due) or ''"/>
                <i class="fa fa-shopping-cart" aria-hidden="true"></i>
            </td>
            <td class="client-line-open-link" t-att-class="highlight">
<!--                <a t-att-href="getPartnerLink()" target="_blank" t-on-click.stop=""><i class="fa fa-external-link" aria-hidden="true"></i></a>-->
            </td>
        </xpath>
    </t>

    <t t-name="ClientListScreen" t-inherit="point_of_sale.ClientListScreen" t-inherit-mode="extension" owl="1">
        <xpath expr="//th" position="after">
            <th class="pos-right-align" style="width: 40px; inline-size: 40px;
    overflow-wrap: break-word;">Code</th>
        </xpath>

        <xpath expr="//th[hasclass('client-line-last-column-placeholder')]" position="before">
            <th class="pos-right-align">English Name</th>
        </xpath>
    </t>


    <t t-name="ClientLine" t-inherit="point_of_sale.ClientLine" t-inherit-mode="extension" owl="1">
        <xpath expr="//td" position="after">
            <td style="width: 40px; inline-size: 40px;
    overflow-wrap: break-word;" class="pos-right-align cursor-pointer">
                <t t-esc="props.partner.code or ''"/>
            </td>
        </xpath>


        <xpath expr="//td[hasclass('client-line-last-column-placeholder')]" position="before">
            <td class="pos-right-align cursor-pointer">
                <t t-esc="props.partner.english_name or ''"/>
            </td>
        </xpath>
    </t>


<!--        Hide the Invoice Button-->
    <t t-name="PaymentScreen" t-inherit="point_of_sale.PaymentScreen" t-inherit-mode="extension" owl="1">
         <xpath expr="//div[hasclass('js_invoice')]" position="replace">

              <div t-if="env.pos.config.module_account" class="button js_invoice highlight" style="display: none;"
                   t-att-class="{ highlight: currentOrder.is_to_invoice() }"
                   t-on-click="toggleIsToInvoice">
            <i class="fa fa-file-text-o"/>
                  Invoice</div>
         </xpath>
    </t>

 </templates>
